-- phpMyAdmin SQL Dump
-- version 4.7.4
-- https://www.phpmyadmin.net/
--
-- Host: 127.0.0.1
-- Generation Time: Apr 14, 2019 at 10:15 PM
-- Server version: 10.1.30-MariaDB
-- PHP Version: 7.2.1

SET SQL_MODE = "NO_AUTO_VALUE_ON_ZERO";
SET AUTOCOMMIT = 0;
START TRANSACTION;
SET time_zone = "+00:00";


/*!40101 SET @OLD_CHARACTER_SET_CLIENT=@@CHARACTER_SET_CLIENT */;
/*!40101 SET @OLD_CHARACTER_SET_RESULTS=@@CHARACTER_SET_RESULTS */;
/*!40101 SET @OLD_COLLATION_CONNECTION=@@COLLATION_CONNECTION */;
/*!40101 SET NAMES utf8mb4 */;

--
-- Database: `tooling_db`
--

-- --------------------------------------------------------

--
-- Table structure for table `history`
--

CREATE TABLE `history` (
  `h_id` int(10) NOT NULL,
  `u_id` int(10) NOT NULL,
  `t_id` int(10) NOT NULL,
  `b_id` int(10) NOT NULL,
  `t_kondisi` enum('0','1') NOT NULL,
  `h_tanggal` datetime NOT NULL,
  `h_action` enum('1','2','3','4') NOT NULL
) ENGINE=InnoDB DEFAULT CHARSET=latin1;

--
-- Dumping data for table `history`
--

INSERT INTO `history` (`h_id`, `u_id`, `t_id`, `b_id`, `t_kondisi`, `h_tanggal`, `h_action`) VALUES
(17, 1, 1, 1, '0', '2019-04-04 13:46:30', '2'),
(18, 1, 2, 1, '0', '2019-04-04 13:50:41', '2'),
(19, 1, 1, 1, '0', '2019-04-04 13:51:15', '4'),
(20, 1, 2, 1, '0', '2019-04-04 13:51:41', '4'),
(21, 1, 4, 1, '0', '2019-04-04 14:13:40', '4'),
(22, 1, 8, 1, '0', '2019-04-04 14:14:19', '4'),
(23, 1, 14, 1, '0', '2019-04-04 14:16:43', '4'),
(24, 1, 1, 1, '0', '2019-04-04 14:17:02', '2'),
(25, 1, 2, 1, '0', '2019-04-04 14:17:09', '2'),
(26, 1, 3, 1, '0', '2019-04-04 14:17:28', '2'),
(27, 1, 1, 1, '0', '2019-04-04 14:23:25', '4'),
(28, 1, 2, 1, '0', '2019-04-04 14:23:34', '4'),
(29, 1, 3, 1, '0', '2019-04-04 14:23:59', '4'),
(30, 1, 10, 1, '0', '2019-04-04 14:57:59', '2'),
(31, 1, 10, 1, '0', '2019-04-04 15:03:13', '4'),
(32, 1, 9, 1, '0', '2019-04-04 15:13:22', '2'),
(33, 1, 2, 1, '0', '2019-04-04 16:29:04', '2'),
(34, 1, 1, 1, '0', '2019-04-11 11:29:20', '4'),
(35, 1, 1, 1, '0', '2019-04-11 11:30:27', '2'),
(36, 1, 1, 1, '0', '2019-04-11 11:31:24', '4'),
(37, 1, 1, 1, '0', '2019-04-11 11:31:28', '2'),
(38, 1, 1, 1, '0', '2019-04-11 11:32:11', '4'),
(39, 1, 2, 1, '0', '2019-04-11 11:32:15', '4'),
(40, 1, 1, 1, '0', '2019-04-11 11:32:18', '2'),
(41, 1, 1, 1, '0', '2019-04-11 11:35:27', '4'),
(42, 1, 1, 1, '0', '2019-04-11 11:35:33', '2'),
(43, 1, 1, 1, '0', '2019-04-11 11:35:37', '4'),
(44, 1, 1, 1, '0', '2019-04-11 11:35:49', '2'),
(45, 1, 1, 1, '0', '2019-04-11 11:35:52', '4'),
(46, 1, 1, 1, '0', '2019-04-11 11:35:55', '2'),
(47, 1, 1, 1, '0', '2019-04-11 11:35:57', '4'),
(48, 1, 1, 1, '0', '2019-04-11 11:36:13', '2'),
(49, 1, 1, 1, '0', '2019-04-11 11:36:16', '4'),
(50, 1, 1, 1, '0', '2019-04-11 11:36:19', '2'),
(51, 1, 1, 1, '0', '2019-04-11 11:36:21', '4'),
(52, 1, 1, 1, '0', '2019-04-11 11:39:18', '2'),
(53, 1, 1, 1, '0', '2019-04-11 11:43:29', '4'),
(54, 1, 1, 1, '0', '2019-04-11 11:43:57', '2'),
(55, 1, 1, 1, '0', '2019-04-11 11:45:36', '4'),
(56, 1, 1, 1, '0', '2019-04-11 11:47:29', '2'),
(57, 1, 1, 1, '0', '2019-04-11 11:49:27', '4'),
(58, 1, 1, 1, '0', '2019-04-11 11:49:43', '2'),
(59, 1, 1, 1, '0', '2019-04-11 11:51:49', '4'),
(60, 1, 1, 1, '0', '2019-04-11 11:53:14', '2'),
(61, 1, 1, 1, '0', '2019-04-11 11:53:53', '4'),
(62, 1, 1, 1, '0', '2019-04-11 11:54:24', '2'),
(63, 1, 1, 1, '0', '2019-04-11 11:54:32', '4'),
(64, 1, 1, 1, '0', '2019-04-11 12:03:08', '2'),
(65, 1, 1, 1, '0', '2019-04-11 12:04:15', '4'),
(66, 1, 1, 1, '0', '2019-04-11 12:52:26', '2'),
(67, 1, 1, 1, '0', '2019-04-11 13:02:02', '4'),
(68, 1, 1, 1, '0', '2019-04-11 13:02:32', '2'),
(69, 1, 1, 1, '0', '2019-04-11 13:03:21', '4'),
(70, 1, 9, 1, '0', '2019-04-11 13:03:53', '4'),
(71, 1, 1, 1, '0', '2019-04-11 13:04:43', '2'),
(72, 1, 1, 1, '0', '2019-04-11 13:05:09', '4'),
(73, 1, 1, 1, '0', '2019-04-11 13:09:28', '2'),
(74, 1, 1, 1, '0', '2019-04-11 13:14:22', '4'),
(75, 1, 1, 1, '0', '2019-04-11 13:14:54', '2'),
(76, 1, 1, 1, '0', '2019-04-11 13:18:59', '4'),
(77, 1, 1, 1, '0', '2019-04-11 13:19:38', '2'),
(78, 1, 1, 1, '0', '2019-04-11 13:21:12', '4'),
(79, 1, 1, 1, '0', '2019-04-11 13:22:35', '2'),
(80, 1, 1, 1, '0', '2019-04-11 13:23:05', '4'),
(81, 1, 1, 1, '0', '2019-04-11 13:24:01', '2'),
(82, 1, 1, 1, '0', '2019-04-11 13:27:03', '4'),
(83, 1, 1, 1, '0', '2019-04-11 13:27:13', '2'),
(84, 1, 1, 1, '0', '2019-04-11 13:27:31', '4'),
(85, 1, 1, 1, '0', '2019-04-11 13:33:17', '2'),
(86, 1, 1, 1, '0', '2019-04-11 13:33:51', '4'),
(87, 1, 1, 1, '0', '2019-04-11 13:36:25', '2'),
(88, 1, 1, 1, '0', '2019-04-11 13:41:04', '4'),
(89, 1, 1, 1, '0', '2019-04-11 13:41:26', '2'),
(90, 1, 1, 1, '0', '2019-04-11 13:42:24', '4'),
(91, 1, 1, 1, '0', '2019-04-11 13:43:38', '2'),
(92, 1, 1, 1, '0', '2019-04-11 13:44:04', '4'),
(93, 1, 1, 1, '0', '2019-04-11 13:44:18', '2'),
(94, 1, 1, 1, '0', '2019-04-11 13:45:13', '4'),
(95, 1, 1, 1, '0', '2019-04-11 13:48:57', '2'),
(96, 1, 1, 1, '0', '2019-04-11 13:50:25', '4'),
(97, 1, 1, 1, '0', '2019-04-11 13:50:38', '2'),
(98, 1, 2, 1, '0', '2019-04-11 14:53:13', '2'),
(99, 1, 3, 1, '0', '2019-04-11 14:53:19', '2'),
(100, 1, 1, 1, '0', '2019-04-11 14:53:27', '4'),
(101, 1, 1, 1, '0', '2019-04-11 14:53:35', '2'),
(102, 1, 1, 1, '0', '2019-04-11 14:55:09', '4'),
(103, 1, 1, 1, '0', '2019-04-11 14:59:36', '2'),
(104, 1, 4, 1, '0', '2019-04-11 16:35:38', '2'),
(105, 1, 5, 1, '0', '2019-04-11 16:39:31', '2'),
(106, 1, 1, 1, '0', '2019-04-11 16:40:09', '4'),
(107, 1, 1, 1, '0', '2019-04-11 16:40:38', '2'),
(108, 1, 6, 1, '0', '2019-04-11 16:41:18', '2'),
(109, 1, 7, 1, '0', '2019-04-11 16:43:21', '2'),
(110, 1, 8, 1, '0', '2019-04-11 16:45:37', '2'),
(111, 1, 9, 1, '0', '2019-04-11 16:46:35', '2'),
(112, 1, 10, 1, '0', '2019-04-11 16:48:20', '2'),
(113, 1, 10, 1, '0', '2019-04-11 16:50:39', '4'),
(114, 1, 10, 1, '0', '2019-04-11 16:53:26', '2'),
(115, 1, 11, 1, '0', '2019-04-11 16:54:22', '2'),
(116, 1, 12, 1, '0', '2019-04-11 16:58:42', '2'),
(117, 1, 1, 1, '0', '2019-04-11 16:59:58', '4'),
(118, 1, 1, 1, '0', '2019-04-11 17:01:21', '2'),
(119, 1, 1, 1, '0', '2019-04-11 17:02:20', '4'),
(120, 1, 1, 1, '0', '2019-04-11 17:26:24', '2'),
(121, 1, 1, 1, '0', '2019-04-11 17:57:55', '4'),
(122, 1, 1, 1, '0', '2019-04-11 18:00:04', '2'),
(123, 1, 1, 1, '0', '2019-04-11 18:01:52', '4'),
(124, 1, 2, 1, '0', '2019-04-11 18:01:55', '4'),
(125, 1, 3, 1, '0', '2019-04-11 18:01:58', '4'),
(126, 1, 4, 1, '0', '2019-04-11 18:02:00', '4'),
(127, 1, 5, 1, '0', '2019-04-11 18:02:02', '4'),
(128, 1, 6, 1, '0', '2019-04-11 18:02:11', '4'),
(129, 1, 7, 1, '0', '2019-04-11 18:02:16', '4'),
(130, 1, 8, 1, '0', '2019-04-11 18:02:24', '4'),
(131, 1, 9, 1, '0', '2019-04-11 18:03:08', '4'),
(132, 1, 10, 1, '0', '2019-04-11 18:03:29', '4'),
(133, 1, 11, 1, '0', '2019-04-11 18:03:36', '4'),
(134, 1, 12, 1, '0', '2019-04-11 18:03:45', '4'),
(135, 1, 1, 1, '0', '2019-04-11 18:11:13', '2'),
(136, 1, 1, 1, '0', '2019-04-11 18:11:54', '4'),
(137, 1, 1, 1, '0', '2019-04-11 18:13:37', '2'),
(138, 1, 1, 1, '0', '2019-04-11 18:19:59', '4');

-- --------------------------------------------------------

--
-- Table structure for table `toolboxes`
--

CREATE TABLE `toolboxes` (
  `b_id` int(10) NOT NULL,
  `b_nama` text NOT NULL,
  `b_kode` text NOT NULL,
  `b_background` text NOT NULL,
  `b_status` enum('0','1') NOT NULL
) ENGINE=InnoDB DEFAULT CHARSET=latin1;

--
-- Dumping data for table `toolboxes`
--

INSERT INTO `toolboxes` (`b_id`, `b_nama`, `b_kode`, `b_background`, `b_status`) VALUES
(1, 'lemari 1-3', 'lemari1_3', 'background1.jpg', '0');

-- --------------------------------------------------------

--
-- Table structure for table `tools`
--

CREATE TABLE `tools` (
  `t_id` int(10) NOT NULL,
  `t_nama` text NOT NULL,
  `t_kode` text NOT NULL,
  `b_id` int(10) NOT NULL,
  `t_gambar` text NOT NULL,
  `t_status` enum('1','2','3','4') NOT NULL,
  `t_kondisi` enum('0','1') NOT NULL
) ENGINE=InnoDB DEFAULT CHARSET=latin1;

--
-- Dumping data for table `tools`
--

INSERT INTO `tools` (`t_id`, `t_nama`, `t_kode`, `b_id`, `t_gambar`, `t_status`, `t_kondisi`) VALUES
(1, 'Alat 1', 'tool_1', 1, '1-1.png', '4', '0'),
(2, 'Alat 2', 'tool_2', 1, '1-2.png', '4', '0'),
(3, 'Alat 3', 'tool_3', 1, '1-3.png', '4', '0'),
(4, 'Alat 4', 'tool_4', 1, '1-4.png', '4', '0'),
(5, 'Alat 5', 'tool_5', 1, '1-5.png', '4', '0'),
(6, 'Alat 6', 'tool_6', 1, '1-6.png', '4', '0'),
(7, 'Alat 7', 'tool_7', 1, '1-7.png', '4', '0'),
(8, 'Alat 8', 'tool_8', 1, '1-8.png', '4', '0'),
(9, 'Alat 9', 'tool_9', 1, '1-9.png', '4', '0'),
(10, 'Alat 10', 'tool_10', 1, '1-10.png', '4', '0'),
(11, 'Alat 11', 'tool_11', 1, '1-11.png', '4', '0'),
(12, 'Alat 12', 'tool_12', 1, '1-12.png', '4', '0'),
(13, 'Alat 13', 'tool_13', 1, '1-13.png', '4', '0'),
(14, 'Alat 14', 'tool_14', 1, '1-14.png', '4', '0'),
(15, 'Alat 15', 'tool_15', 1, '1-15.png', '4', '0'),
(16, 'Alat 16', 'tool_16', 1, '1-16.png', '4', '0'),
(17, 'Alat 17', 'tool_17', 1, '1-17.png', '4', '0'),
(18, 'Alat 18', 'tool_18', 1, '1-18.png', '4', '0'),
(19, 'Alat 19', 'tool_19', 1, '1-19.png', '4', '0'),
(20, 'Alat 20', 'tool_20', 1, '1-20.png', '4', '0'),
(21, 'Alat 21', 'tool_21', 1, '1-21.png', '4', '0');

-- --------------------------------------------------------

--
-- Table structure for table `users`
--

CREATE TABLE `users` (
  `u_id` int(10) NOT NULL,
  `u_tmmin` text NOT NULL,
  `u_nama` text NOT NULL,
  `u_username` text NOT NULL,
  `u_password` text NOT NULL,
  `u_created` datetime NOT NULL,
  `u_last_login` datetime NOT NULL
) ENGINE=InnoDB DEFAULT CHARSET=latin1;

--
-- Dumping data for table `users`
--

INSERT INTO `users` (`u_id`, `u_tmmin`, `u_nama`, `u_username`, `u_password`, `u_created`, `u_last_login`) VALUES
(1, 'admin', 'admin', 'admin', '$2y$10$LGk/nJvxm9UZs4DzDvPrUewFwiHyvcjhcmdqMaqXTIKDxZA4Hl3WG', '2019-04-02 15:27:58', '2019-04-14 20:45:55'),
(17, '', 'test', 'test123', '$2y$10$WAtXZFGAMmKYDQr.RFKjbeZcomwuMFjtmZqAq5G34dGDThpW.h0QG', '2019-04-14 14:07:48', '2019-04-14 14:07:48'),
(18, '', 'dummy1', 'dummy1', '$2y$10$boKAWq3fuYQWZX6cDFwspeaHYXB9psWgb..jR.p9fKjoe67We2PHO', '2019-04-14 20:43:54', '2019-04-14 20:45:08'),
(21, '', 'dummy2', 'dummy2', '$2y$10$A6PpKi9URcYnX1LdoeTqPOuO2kO8F/37484a3ZI43Wj3ZovXkvv8a', '2019-04-15 03:14:24', '2019-04-15 03:14:24');

--
-- Indexes for dumped tables
--

--
-- Indexes for table `history`
--
ALTER TABLE `history`
  ADD PRIMARY KEY (`h_id`);

--
-- Indexes for table `toolboxes`
--
ALTER TABLE `toolboxes`
  ADD PRIMARY KEY (`b_id`);

--
-- Indexes for table `tools`
--
ALTER TABLE `tools`
  ADD PRIMARY KEY (`t_id`);

--
-- Indexes for table `users`
--
ALTER TABLE `users`
  ADD PRIMARY KEY (`u_id`);

--
-- AUTO_INCREMENT for dumped tables
--

--
-- AUTO_INCREMENT for table `history`
--
ALTER TABLE `history`
  MODIFY `h_id` int(10) NOT NULL AUTO_INCREMENT, AUTO_INCREMENT=139;

--
-- AUTO_INCREMENT for table `toolboxes`
--
ALTER TABLE `toolboxes`
  MODIFY `b_id` int(10) NOT NULL AUTO_INCREMENT, AUTO_INCREMENT=2;

--
-- AUTO_INCREMENT for table `tools`
--
ALTER TABLE `tools`
  MODIFY `t_id` int(10) NOT NULL AUTO_INCREMENT, AUTO_INCREMENT=22;

--
-- AUTO_INCREMENT for table `users`
--
ALTER TABLE `users`
  MODIFY `u_id` int(10) NOT NULL AUTO_INCREMENT, AUTO_INCREMENT=22;
COMMIT;

/*!40101 SET CHARACTER_SET_CLIENT=@OLD_CHARACTER_SET_CLIENT */;
/*!40101 SET CHARACTER_SET_RESULTS=@OLD_CHARACTER_SET_RESULTS */;
/*!40101 SET COLLATION_CONNECTION=@OLD_COLLATION_CONNECTION */;
